{
  "total_time": 23.1099361,
  "embedding_file_time": 22.1212511,
  "db_write_file_time": 0.0211241,
  "embedding_symbol_time": 0.0,
  "db_write_symbol_time": 0.0,
  "start_memory": 17.58984375,
  "peak_memory": 416.2109375,
  "start_cpu": 100.0,
  "peak_cpu": 1405.1593017578125,
  "start_storage": 3.8984375,
  "end_storage": 3.8984375,
  "file_count": 161,
  "chunk_count": 788
}