{
  "total_time": 34.7215237,
  "embedding_file_time": 20.3635323,
  "db_write_file_time": 11.5899189,
  "embedding_symbol_time": 0.0,
  "db_write_symbol_time": 0.0,
  "start_memory": 19.71875,
  "peak_memory": 421.78515625,
  "start_cpu": 153.84616088867188,
  "peak_cpu": 1430.793212890625,
  "start_storage": 0.0,
  "end_storage": 0.0,
  "file_count": 161,
  "chunk_count": 788
}