{
  "total_time": 21.5529022,
  "embedding_file_time": 20.5396941,
  "db_write_file_time": 0.0209793,
  "embedding_symbol_time": 0.0,
  "db_write_symbol_time": 0.0,
  "start_memory": 18.19140625,
  "peak_memory": 427.4296875,
  "start_cpu": 90.90908813476562,
  "peak_cpu": 1423.676025390625,
  "start_storage": 3.8984375,
  "end_storage": 3.8984375,
  "file_count": 161,
  "chunk_count": 788
}